Title,Release Date,Popularity,Genres,Revenue,Reddit Score,Reddit Comments,N Reddit Posts Week1-2,N Reddit Posts Week2-4,N Reddit Posts Week4+,Reddit Relevance Score,Rating Letterbox,Rating TMDB,Rating Rotten
Avatar,2009-12-15,122.219,"['Action', 'Adventure', 'Fantasy', 'Science Fiction']",2923706026,18419,1829,15,29,6,3.6333333333333333,3.6,3.7935,4.1
Coraline,2009-02-05,113.17,"['Animation', 'Family', 'Fantasy']",185860104,12750,735,3,8,39,2.1333333333333333,4.2,3.95,3.8
Fight Club,1999-10-15,122.573,['Drama'],100853753,505,311,50,0,0,5.0,4.3,4.2185,4.5
Finding Nemo,2003-05-30,92.877,"['Animation', 'Family']",940335536,921,303,50,0,0,5.0,4.0,3.9085,3.8
Forrest Gump,1994-06-23,97.189,"['Comedy', 'Drama', 'Romance']",677387716,1672,1178,50,0,0,5.0,4.1,4.2345,4.1
Gladiator,2000-05-04,119.323,"['Action', 'Drama', 'Adventure']",465361176,994,457,44,6,0,4.8,4.1,4.109,3.8
Harry Potter and the Chamber of Secrets,2002-11-13,106.456,"['Adventure', 'Fantasy']",876688482,313,244,50,0,0,5.0,3.6,3.856,4.0
Harry Potter and the Goblet of Fire,2005-11-16,101.773,"['Adventure', 'Fantasy']",895921036,325,247,50,0,0,5.0,3.8,3.9025,3.4
Harry Potter and the Half-Blood Prince,2009-07-15,89.276,"['Adventure', 'Fantasy']",933959197,447,356,50,0,0,5.0,3.7,3.8425,3.9
Harry Potter and the Order of the Phoenix,2007-07-08,80.357,"['Adventure', 'Fantasy']",938212738,291,292,50,0,0,5.0,3.7,3.838,4.0
Harry Potter and the Philosopher's Stone,2001-11-16,146.219,"['Adventure', 'Fantasy']",976475550,425,316,50,0,0,5.0,3.8,3.95,4.1
Harry Potter and the Prisoner of Azkaban,2004-05-31,108.789,"['Adventure', 'Fantasy']",789804554,967,323,50,0,0,5.0,4.1,4.007,4.1
Intimacy,2001-01-20,95.831,"['Romance', 'Drama', 'Fantasy']",2672527,1828,601,1,1,48,1.7666666666666666,3.1,3.15,3.4
Iron Man,2008-04-30,106.9,"['Action', 'Science Fiction', 'Adventure']",585174222,23407,919,50,0,0,5.0,3.7,3.8,4.3
"Monsters, Inc.",2001-11-01,102.99,"['Animation', 'Comedy', 'Family']",579700000,900,346,50,0,0,5.0,4.1,3.9215,3.8
Pirates of the Caribbean: At World's End,2007-05-19,92.001,"['Adventure', 'Fantasy', 'Action']",961691209,169,116,50,0,0,5.0,3.5,3.629,3.8
Pirates of the Caribbean: Dead Man's Chest,2006-07-06,96.053,"['Adventure', 'Fantasy', 'Action']",1066179747,23354,776,50,0,0,5.0,3.7,3.682,3.9
Pirates of the Caribbean: The Curse of the Black Pearl,2003-07-09,112.618,"['Adventure', 'Fantasy', 'Action']",655011224,23131,1196,50,0,0,5.0,3.9,3.9035,3.9
Pulp Fiction,1994-09-10,108.47,"['Thriller', 'Crime']",213928762,982,944,50,0,0,5.0,4.3,4.2445,4.6
Raiders of the Lost Ark,1981-06-12,317.031,"['Adventure', 'Action']",389925971,1629,613,50,0,0,5.0,4.2,3.95,4.5
Ratatouille,2007-06-28,120.593,"['Animation', 'Comedy', 'Family', 'Fantasy']",623726000,2991,992,8,7,35,2.433333333333333,4.2,3.913,4.1
Schindler's List,1993-12-15,107.578,"['Drama', 'History', 'War']",321365567,2665,980,50,0,0,5.0,4.5,4.2835,4.6
Se7en,1995-09-22,93.751,"['Crime', 'Mystery', 'Thriller']",327311859,3509,958,5,5,40,2.1666666666666665,4.3,4.2,4.4
Shooter,2007-03-22,88.515,"['Drama', 'Action', 'Thriller']",95700000,3290,2086,9,22,19,3.0,3.2,3.5595,4.0
Shrek,2001-05-18,117.323,"['Animation', 'Comedy', 'Fantasy', 'Adventure', 'Family']",488628188,34634,2227,10,12,28,2.7333333333333334,4.1,3.873,3.9
Speed Zone,1989-04-21,122.514,"['Comedy', 'Action']",3077361,689,464,50,0,0,5.0,2.5,2.25,2.9
The Abyss,1989-08-09,121.952,"['Adventure', 'Action', 'Thriller', 'Science Fiction']",90000098,1333,720,8,7,35,2.433333333333333,3.7,3.677,4.0
"The Chronicles of Narnia: The Lion, the Witch and the Wardrobe",2005-12-07,235.842,"['Adventure', 'Family', 'Fantasy']",745013115,1359,1033,23,24,3,4.0,3.6,3.55,3.1
The Dark Knight,2008-07-16,157.509,"['Drama', 'Action', 'Crime', 'Thriller']",1004558444,680,411,50,0,0,5.0,4.5,4.2595,4.4
The Green Mile,1999-12-10,86.584,"['Fantasy', 'Drama', 'Crime']",286801374,310,293,50,0,0,5.0,4.2,4.253,4.4
The Lion King,1994-06-15,144.115,"['Family', 'Animation', 'Drama']",763455561,2790,469,50,0,0,5.0,4.2,4.15,4.0
The Lord of the Rings: The Fellowship of the Ring,2001-12-18,143.685,"['Adventure', 'Fantasy', 'Action']",871368364,192,122,50,0,0,5.0,4.4,4.2,4.1
The Lord of the Rings: The Return of the King,2003-12-17,147.227,"['Adventure', 'Fantasy', 'Action']",1118888979,242,189,50,0,0,5.0,4.5,4.25,3.6
The Matrix,1999-03-31,119.799,"['Action', 'Science Fiction']",463517383,6549,1259,22,28,0,4.066666666666666,4.2,4.1105,3.6
The Notebook,2004-05-25,101.779,"['Romance', 'Drama']",115600000,33087,894,6,7,37,2.3,3.8,3.9455,3.6
The Shawshank Redemption,1994-09-23,171.576,"['Drama', 'Crime']",28341469,1761,1343,50,0,0,5.0,4.6,4.354,4.7
Titanic,1997-11-18,162.262,"['Drama', 'Romance']",2264162353,3270,1480,28,22,0,4.266666666666667,3.8,3.95,3.3
Toy Story,1995-11-22,111.997,"['Animation', 'Adventure', 'Family', 'Comedy']",394436586,615,270,50,0,0,5.0,4.1,3.9845,3.8
Twilight,2008-11-20,118.142,"['Fantasy', 'Drama', 'Romance']",393616788,3196,1292,12,21,17,3.1666666666666665,3.0,3.1445,3.9
xXx,2002-08-09,181.985,"['Action', 'Adventure', 'Thriller', 'Crime']",277448382,2965,1351,5,9,36,2.3,2.5,2.9705,
